{"metadata":{"asset_id":"71c79052-0561-4a54-a5af-22e16ae9db69","asset_attributes":["notebook"],"name":"space x","asset_type":"notebook","created_at":"2021-09-09T11:26:19Z","description":"","origin_country":"us","owner_id":"IBMid-662002BG30","project_id":"9d2f7eb1-27d3-42fa-8217-6b29d28e88be","size":18515,"tags":["notebook"],"usage":{"last_update_time":1631352041705,"last_updated_at":"2021-09-11T09:20:41Z"}},"entity":{"notebook":{"kernel":{"name":"python3","display_name":"Python 3.8","language":"python"},"originates_from":{"type":"blank"},"runtime":{"environment":"conda2py38-9d2f7eb1-27d3-42fa-8217-6b29d28e88be"}}},"attachments":[{"id":"f7ceacfd-a59a-47ba-92c3-034c4a880e8b","version":2,"asset_type":"notebook","name":"attachment for notebook 71c79052-0561-4a54-a5af-22e16ae9db69","description":"attachment for notebook 71c79052-0561-4a54-a5af-22e16ae9db69","mime":"application/json","datasource_type":"193a97c1-4475-4a19-b90c-295c4fdc6517","object_key":"notebook/space_x_zrumdOwsS.ipynb","creator_id":"IBMid-662002BG30","create_time":1631186780291,"size":18515,"is_remote":false,"is_managed":false,"is_referenced":true,"is_object_key_read_only":false,"is_user_provided_path_key":true,"transfer_complete":true,"is_partitioned":false,"complete_time_ticks":1631186780291,"user_data":{},"test_doc":0,"handle":{"bucket":"spacex-donotdelete-pr-r9qrqefnlr4m22","location":"eu-geo","key":"notebook/space_x_zrumdOwsS.ipynb","upload_id":"done","max_part_num":1},"usage":{"access_count":0,"last_accessor_id":"IBMid-662002BG30","last_access_time":1631186780291}}]}
