{"metadata":{"asset_id":"6285722f-777c-4d62-b335-609698349735","asset_attributes":["notebook"],"name":"Machine Learning ","asset_type":"notebook","created_at":"2021-09-11T09:05:28Z","description":"","origin_country":"us","owner_id":"IBMid-662002BG30","project_id":"9d2f7eb1-27d3-42fa-8217-6b29d28e88be","size":16188,"tags":["notebook"],"usage":{"last_update_time":1631351627674,"last_updated_at":"2021-09-11T09:13:47Z"}},"entity":{"notebook":{"kernel":{"name":"python3","display_name":"Python 3.8","language":"python"},"originates_from":{"type":"blank"},"runtime":{"environment":"conda2py38-9d2f7eb1-27d3-42fa-8217-6b29d28e88be"}}},"attachments":[{"id":"f7c18f64-5e05-407c-8da9-ba24ea636885","version":2,"asset_type":"notebook","name":"attachment for notebook 6285722f-777c-4d62-b335-609698349735","description":"attachment for notebook 6285722f-777c-4d62-b335-609698349735","mime":"application/json","datasource_type":"193a97c1-4475-4a19-b90c-295c4fdc6517","object_key":"notebook/Machine_Learning__Gi4QxKJw2.ipynb","creator_id":"IBMid-662002BG30","create_time":1631351129336,"size":16188,"is_remote":false,"is_managed":false,"is_referenced":true,"is_object_key_read_only":false,"is_user_provided_path_key":true,"transfer_complete":true,"is_partitioned":false,"complete_time_ticks":1631351129336,"user_data":{},"test_doc":0,"handle":{"bucket":"spacex-donotdelete-pr-r9qrqefnlr4m22","location":"eu-geo","key":"notebook/Machine_Learning__Gi4QxKJw2.ipynb","upload_id":"done","max_part_num":1},"usage":{"access_count":0,"last_accessor_id":"IBMid-662002BG30","last_access_time":1631351129336}}]}
