{"metadata":{"asset_id":"322b5572-088b-41a8-8be8-9ee4c120796c","asset_attributes":["notebook"],"name":"EDA with SQL Lab","asset_type":"notebook","created_at":"2021-09-10T16:46:21Z","description":"","origin_country":"us","owner_id":"IBMid-662002BG30","project_id":"9d2f7eb1-27d3-42fa-8217-6b29d28e88be","size":12749,"tags":["notebook"],"usage":{"last_update_time":1631347232468,"last_updated_at":"2021-09-11T08:00:32Z"}},"entity":{"notebook":{"kernel":{"name":"python3","display_name":"Python 3.8","language":"python"},"originates_from":{"type":"blank"},"runtime":{"environment":"conda2py38-9d2f7eb1-27d3-42fa-8217-6b29d28e88be"}}},"attachments":[{"id":"54922fea-8ae0-4153-88dd-eb365dc72130","version":2,"asset_type":"notebook","name":"attachment for notebook 322b5572-088b-41a8-8be8-9ee4c120796c","description":"attachment for notebook 322b5572-088b-41a8-8be8-9ee4c120796c","mime":"application/json","datasource_type":"193a97c1-4475-4a19-b90c-295c4fdc6517","object_key":"notebook/EDA_with_SQL_Lab_XKVQ4n5gL.ipynb","creator_id":"IBMid-662002BG30","create_time":1631292382578,"size":12749,"is_remote":false,"is_managed":false,"is_referenced":true,"is_object_key_read_only":false,"is_user_provided_path_key":true,"transfer_complete":true,"is_partitioned":false,"complete_time_ticks":1631292382578,"user_data":{},"test_doc":0,"handle":{"bucket":"spacex-donotdelete-pr-r9qrqefnlr4m22","location":"eu-geo","key":"notebook/EDA_with_SQL_Lab_XKVQ4n5gL.ipynb","upload_id":"done","max_part_num":1},"usage":{"access_count":0,"last_accessor_id":"IBMid-662002BG30","last_access_time":1631292382578}}]}
