{"metadata":{"asset_id":"faba9622-20af-4099-a0a7-66d5f533c67a","asset_attributes":["notebook"],"name":"Data Wrangling","asset_type":"notebook","created_at":"2021-09-10T16:30:24Z","description":"","origin_country":"us","owner_id":"IBMid-662002BG30","project_id":"9d2f7eb1-27d3-42fa-8217-6b29d28e88be","size":17246,"tags":["notebook"],"usage":{"last_update_time":1631292230558,"last_updated_at":"2021-09-10T16:43:50Z"}},"entity":{"notebook":{"kernel":{"name":"python3","display_name":"Python 3.8","language":"python"},"originates_from":{"type":"blank"},"runtime":{"environment":"conda2py38-9d2f7eb1-27d3-42fa-8217-6b29d28e88be"}}},"attachments":[{"id":"61576941-3a1f-4a8f-9dfc-dca45d8678de","version":2,"asset_type":"notebook","name":"attachment for notebook faba9622-20af-4099-a0a7-66d5f533c67a","description":"attachment for notebook faba9622-20af-4099-a0a7-66d5f533c67a","mime":"application/json","datasource_type":"193a97c1-4475-4a19-b90c-295c4fdc6517","object_key":"notebook/Data_Wrangling_6Qcpskxx4.ipynb","creator_id":"IBMid-662002BG30","create_time":1631291425577,"size":17246,"is_remote":false,"is_managed":false,"is_referenced":true,"is_object_key_read_only":false,"is_user_provided_path_key":true,"transfer_complete":true,"is_partitioned":false,"complete_time_ticks":1631291425577,"user_data":{},"test_doc":0,"handle":{"bucket":"spacex-donotdelete-pr-r9qrqefnlr4m22","location":"eu-geo","key":"notebook/Data_Wrangling_6Qcpskxx4.ipynb","upload_id":"done","max_part_num":1},"usage":{"access_count":0,"last_accessor_id":"IBMid-662002BG30","last_access_time":1631291425577}}]}
