{"metadata":{"asset_id":"da69b7a8-ebfc-44f2-82dd-7b61235421b0","asset_attributes":["notebook"],"name":"Dataa visualization with Folium","asset_type":"notebook","created_at":"2021-09-11T08:12:47Z","description":"","origin_country":"us","owner_id":"IBMid-662002BG30","project_id":"9d2f7eb1-27d3-42fa-8217-6b29d28e88be","size":17255,"tags":["notebook"],"usage":{"last_update_time":1631349598513,"last_updated_at":"2021-09-11T08:39:58Z"}},"entity":{"notebook":{"kernel":{"name":"python3","display_name":"Python 3.8","language":"python"},"originates_from":{"type":"blank"},"runtime":{"environment":"conda2py38-9d2f7eb1-27d3-42fa-8217-6b29d28e88be"}}},"attachments":[{"id":"ac6913e3-cd5f-400a-bc48-71b071f1fc2b","version":2,"asset_type":"notebook","name":"attachment for notebook da69b7a8-ebfc-44f2-82dd-7b61235421b0","description":"attachment for notebook da69b7a8-ebfc-44f2-82dd-7b61235421b0","mime":"application/json","datasource_type":"193a97c1-4475-4a19-b90c-295c4fdc6517","object_key":"notebook/Dataa_visualization_with_Folium_jeT1QMuJA.ipynb","creator_id":"IBMid-662002BG30","create_time":1631347968620,"size":17255,"is_remote":false,"is_managed":false,"is_referenced":true,"is_object_key_read_only":false,"is_user_provided_path_key":true,"transfer_complete":true,"is_partitioned":false,"complete_time_ticks":1631347968620,"user_data":{},"test_doc":0,"handle":{"bucket":"spacex-donotdelete-pr-r9qrqefnlr4m22","location":"eu-geo","key":"notebook/Dataa_visualization_with_Folium_jeT1QMuJA.ipynb","upload_id":"done","max_part_num":1},"usage":{"access_count":0,"last_accessor_id":"IBMid-662002BG30","last_access_time":1631347968620}}]}
