{"metadata":{"asset_id":"a72558a7-7afa-4bb1-bc69-7ea502fdc8a1","asset_attributes":["notebook"],"name":"space x 1 web scraping ","asset_type":"notebook","created_at":"2021-09-09T11:28:26Z","description":"","origin_country":"us","owner_id":"IBMid-662002BG30","project_id":"9d2f7eb1-27d3-42fa-8217-6b29d28e88be","size":16791,"tags":["notebook"],"usage":{"last_update_time":1631186971137,"last_updated_at":"2021-09-09T11:29:31Z"}},"entity":{"notebook":{"kernel":{"name":"python3","display_name":"Python 3.8","language":"python"},"originates_from":{"type":"blank"},"runtime":{"environment":"conda2py38-9d2f7eb1-27d3-42fa-8217-6b29d28e88be"}}},"attachments":[{"id":"3c4b9e6f-8268-4be0-b07f-a3d63525bd7d","version":2,"asset_type":"notebook","name":"attachment for notebook a72558a7-7afa-4bb1-bc69-7ea502fdc8a1","description":"attachment for notebook a72558a7-7afa-4bb1-bc69-7ea502fdc8a1","mime":"application/json","datasource_type":"193a97c1-4475-4a19-b90c-295c4fdc6517","object_key":"notebook/space_x_1_web_scraping__4oSg5rJwh.ipynb","creator_id":"IBMid-662002BG30","create_time":1631186906927,"size":16791,"is_remote":false,"is_managed":false,"is_referenced":true,"is_object_key_read_only":false,"is_user_provided_path_key":true,"transfer_complete":true,"is_partitioned":false,"complete_time_ticks":1631186906927,"user_data":{},"test_doc":0,"handle":{"bucket":"spacex-donotdelete-pr-r9qrqefnlr4m22","location":"eu-geo","key":"notebook/space_x_1_web_scraping__4oSg5rJwh.ipynb","upload_id":"done","max_part_num":1},"usage":{"access_count":0,"last_accessor_id":"IBMid-662002BG30","last_access_time":1631186906927}}]}
